{
    "loss": 13.054278373718262,
    "accuracy": 0.5179855823516846
}