{
    "loss": 1.7715364694595337,
    "accuracy": 0.6978417038917542
}