{
    "loss": 3.243619680404663,
    "accuracy": 0.5035971403121948
}